web-scraper-order,web-scraper-start-url,title,date
1628105763-133,https://www.cnn.com/search?q=Hurricane%20Harvey&size=50&sort=newest&category=us&from=1&page=1,Face mask and hand sanitizer added to hurricane preparedness checklist,4-May-20
1628105763-115,https://www.cnn.com/search?q=Hurricane%20Harvey&size=50&sort=newest&category=us&from=1&page=1,The climate crisis could be making Hurricane Sally worse. Here's how,15-Sep-20
1628105763-143,https://www.cnn.com/search?q=Hurricane%20Harvey&size=50&sort=newest&category=us&from=1&page=1,A four-man FBI team rescued 150 as Hurricane Harvey flooded Houston,1-Oct-19
1628105763-128,https://www.cnn.com/search?q=Hurricane%20Harvey&size=50&sort=newest&category=us&from=1&page=1,"Millions more US homes are at risk of flooding than previously known, new analysis shows",29-Jun-20
1628105763-113,https://www.cnn.com/search?q=Hurricane%20Harvey&size=50&sort=newest&category=us&from=1&page=1,More than 10 million people under storm warnings as Tropical Storm Beta crawls toward shore,20-Sep-20
1628105763-121,https://www.cnn.com/search?q=Hurricane%20Harvey&size=50&sort=newest&category=us&from=1&page=1,Laura is now a hurricane and is forecast to strengthen more before hitting the Gulf Coast,25-Aug-20
1628105763-138,https://www.cnn.com/search?q=Hurricane%20Harvey&size=50&sort=newest&category=us&from=1&page=1,America's many toxic waste sites are in areas at risk of worsening natural disasters,20-Nov-19
1628105763-123,https://www.cnn.com/search?q=Hurricane%20Harvey&size=50&sort=newest&category=us&from=1&page=1,"When a nearly 12-foot alligator came toward his 4-year-old, this dad sprung into action",6-Aug-20
1628105763-131,https://www.cnn.com/search?q=Hurricane%20Harvey&size=50&sort=newest&category=us&from=1&page=1,2017 Atlantic Hurricane Season Fast Facts,15-May-17
1628105763-103,https://www.cnn.com/search?q=Hurricane%20Harvey&size=50&sort=newest&category=us&from=1&page=1,They're cooking BBQ by the ton and bringing comfort to thousands of storm weary Texans,26-Feb-21
1628105763-136,https://www.cnn.com/search?q=Hurricane%20Harvey&size=50&sort=newest&category=us&from=1&page=1,4 major hurricanes are predicted as part of an above-normal 2020 Atlantic hurricane season,2-Apr-20
1628105763-114,https://www.cnn.com/search?q=Hurricane%20Harvey&size=50&sort=newest&category=us&from=1&page=1,Hurricane Sally heads toward US Gulf Coast,14-Sep-20
1628105763-135,https://www.cnn.com/search?q=Hurricane%20Harvey&size=50&sort=newest&category=us&from=1&page=1,Some cities see jumps in domestic violence during the pandemic,4-Apr-20
1628105763-109,https://www.cnn.com/search?q=Hurricane%20Harvey&size=50&sort=newest&category=us&from=1&page=1,"Tropical storm Zeta forms, could reach US Gulf Coast by midweek",25-Oct-20
1628105763-132,https://www.cnn.com/search?q=Hurricane%20Harvey&size=50&sort=newest&category=us&from=1&page=1,Researchers predict up to 19 named storms this hurricane season. Here are their names,1-Jun-20
1628105763-134,https://www.cnn.com/search?q=Hurricane%20Harvey&size=50&sort=newest&category=us&from=1&page=1,Coronavirus pandemic in the US,21-Apr-20
1628105763-140,https://www.cnn.com/search?q=Hurricane%20Harvey&size=50&sort=newest&category=us&from=1&page=1,Nearly half of US oil refineries are in states hit by earthquakes and hurricanes,16-Oct-19
1628105763-130,https://www.cnn.com/search?q=Hurricane%20Harvey&size=50&sort=newest&category=us&from=1&page=1,Tropical depression Cristobal expected to turn back toward the US coast and re-intensify,4-Jun-20
1628105763-144,https://www.cnn.com/search?q=Hurricane%20Harvey&size=50&sort=newest&category=us&from=1&page=1,Houstonians honor a Sikh deputy killed in the line of duty by spreading his legacy of philanthropy,30-Sep-19
1628105763-125,https://www.cnn.com/search?q=Hurricane%20Harvey&size=50&sort=newest&category=us&from=1&page=1,Hanna is expected to be a hurricane before it makes landfall in Texas,24-Jul-20
1628105763-129,https://www.cnn.com/search?q=Hurricane%20Harvey&size=50&sort=newest&category=us&from=1&page=1,Inside an elementary school preparing for fall classes,12-Jun-20
1628105763-142,https://www.cnn.com/search?q=Hurricane%20Harvey&size=50&sort=newest&category=us&from=1&page=1,Slain Sikh deputy remembered as a pioneer and role model 'with a heart of gold',2-Oct-19
1628105763-108,https://www.cnn.com/search?q=Hurricane%20Harvey&size=50&sort=newest&category=us&from=1&page=1,"2020 smashed the record for billion-dollar weather and climate disasters, NOAA says",8-Jan-21
1628105763-145,https://www.cnn.com/search?q=Hurricane%20Harvey&size=50&sort=newest&category=us&from=1&page=1,The Sikh community in Houston prepares for the funeral of Deputy Sandeep Singh Dhaliwal,29-Sep-19
1628105763-124,https://www.cnn.com/search?q=Hurricane%20Harvey&size=50&sort=newest&category=us&from=1&page=1,"For some environmentalists, 'I can't breathe' is about more than police brutality",27-Jun-20
1628105763-110,https://www.cnn.com/search?q=Hurricane%20Harvey&size=50&sort=newest&category=us&from=1&page=1,Hurricane Delta hits Louisiana,7-Oct-20
1628105763-117,https://www.cnn.com/search?q=Hurricane%20Harvey&size=50&sort=newest&category=us&from=1&page=1,"Hurricanes, fires, floods and locusts: Science says climate change is here but the RNC refuses to believe",28-Aug-20
1628105763-120,https://www.cnn.com/search?q=Hurricane%20Harvey&size=50&sort=newest&category=us&from=1&page=1,Laura 'rapidly intensified' overnight. Here's what that term means,25-Aug-20
1628105763-102,https://www.cnn.com/search?q=Hurricane%20Harvey&size=50&sort=newest&category=us&from=1&page=1,Women leaders you should know and the causes they champion,3-Mar-21
1628105763-139,https://www.cnn.com/search?q=Hurricane%20Harvey&size=50&sort=newest&category=us&from=1&page=1,Houston's 'Mattress Mack' lost $13 million in bets on the Astros World Series loss but says he'd do it again,31-Oct-19
1628105763-107,https://www.cnn.com/search?q=Hurricane%20Harvey&size=50&sort=newest&category=us&from=1&page=1,Millions without power as winter weather blasts the US,15-Feb-21
1628105763-112,https://www.cnn.com/search?q=Hurricane%20Harvey&size=50&sort=newest&category=us&from=1&page=1,Hurricane Sandy Fast Facts,13-Jul-13
1628105763-111,https://www.cnn.com/search?q=Hurricane%20Harvey&size=50&sort=newest&category=us&from=1&page=1,"Hurricane Delta is about to hit nearly the same spot as Laura in Louisiana, just 6 weeks later",8-Oct-20
1628105763-106,https://www.cnn.com/search?q=Hurricane%20Harvey&size=50&sort=newest&category=us&from=1&page=1,Millions without power as US braces for another winter storm,16-Feb-21
1628105763-118,https://www.cnn.com/search?q=Hurricane%20Harvey&size=50&sort=newest&category=us&from=1&page=1,Hurricane Laura makes landfall in the US,25-Aug-20
1628105763-105,https://www.cnn.com/search?q=Hurricane%20Harvey&size=50&sort=newest&category=us&from=1&page=1,Millions are still without power as winter storms continue,17-Feb-21
1628105763-122,https://www.cnn.com/search?q=Hurricane%20Harvey&size=50&sort=newest&category=us&from=1&page=1,2018 In Review Fast Facts,19-Nov-18
1628105763-99,https://www.cnn.com/search?q=Hurricane%20Harvey&size=50&sort=newest&category=us&from=1&page=1,At least 11 dead after partial building collapse near Miami,27-Jun-21
1628105763-100,https://www.cnn.com/search?q=Hurricane%20Harvey&size=50&sort=newest&category=us&from=1&page=1,"Claudette is likely to form and make landfall in the US this week, delivering close to a foot of rainfall",16-Jun-21
1628105763-119,https://www.cnn.com/search?q=Hurricane%20Harvey&size=50&sort=newest&category=us&from=1&page=1,Category 4 Laura strengthens and will bring 'unsurvivable' storm surges in Louisiana and Texas,26-Aug-20
1628105763-101,https://www.cnn.com/search?q=Hurricane%20Harvey&size=50&sort=newest&category=us&from=1&page=1,Houston Police Chief Art Acevedo resigning to lead the Miami department,15-Mar-21
1628105763-127,https://www.cnn.com/search?q=Hurricane%20Harvey&size=50&sort=newest&category=us&from=1&page=1,US hits 10th billion-dollar weather disaster of the year -- at a record pace,12-Jul-20
1628105763-137,https://www.cnn.com/search?q=Hurricane%20Harvey&size=50&sort=newest&category=us&from=1&page=1,This teen makes adorable bow ties to help get shelter dogs and cats adopted,24-Feb-20
1628105763-104,https://www.cnn.com/search?q=Hurricane%20Harvey&size=50&sort=newest&category=us&from=1&page=1,Three children and their grandmother died in a Texas fire after trying to stay warm during power outages. Their mom survived,21-Feb-21
1628105763-98,https://www.cnn.com/search?q=Hurricane%20Harvey&size=50&sort=newest&category=us&from=1&page=1,Hurricane Statistics Fast Facts,31-May-13
1628105763-126,https://www.cnn.com/search?q=Hurricane%20Harvey&size=50&sort=newest&category=us&from=1&page=1,Tropical Storm Gonzalo expected to become season's first hurricane as a tropical depression forms in Gulf of Mexico,23-Jul-20
1628105763-141,https://www.cnn.com/search?q=Hurricane%20Harvey&size=50&sort=newest&category=us&from=1&page=1,"A disaster-recovery loan agent stole hurricane victims' identities to enrich herself, feds allege",10-Oct-19
1628105763-116,https://www.cnn.com/search?q=Hurricane%20Harvey&size=50&sort=newest&category=us&from=1&page=1,Climate change didn't cause Hurricane Laura but it did make the storm worse,30-Aug-20
1628105848-191,https://www.cnn.com/search?q=Hurricane%20Harvey&size=50&sort=newest&category=us&from=51&page=1,Florence threatens more than a million homes without flood insurance,14-Sep-18
1628105848-164,https://www.cnn.com/search?q=Hurricane%20Harvey&size=50&sort=newest&category=us&from=51&page=1,Florida seeks shelter for 400 animals as Dorian gets closer. Some may be released into the wild,31-Aug-19
1628105848-184,https://www.cnn.com/search?q=Hurricane%20Harvey&size=50&sort=newest&category=us&from=51&page=1,Hurricane Florence's toll on US homes and businesses has now hit 11 figures,7-Oct-18
1628105848-189,https://www.cnn.com/search?q=Hurricane%20Harvey&size=50&sort=newest&category=us&from=51&page=1,"A week after Florence, FEMA is still having to debunk rumors and hoax stories",19-Sep-18
1628105848-176,https://www.cnn.com/search?q=Hurricane%20Harvey&size=50&sort=newest&category=us&from=51&page=1,Cyclone Idai could be the deadliest tropical cyclone to hit Africa. Here's what you need to know,19-Mar-19
1628105848-171,https://www.cnn.com/search?q=Hurricane%20Harvey&size=50&sort=newest&category=us&from=51&page=1,Tropical Storm Barry,11-Jul-19
1628105848-149,https://www.cnn.com/search?q=Hurricane%20Harvey&size=50&sort=newest&category=us&from=51&page=1,"Here are the ways, big and small, that people are helping Texas flood victims",20-Sep-19
1628105848-175,https://www.cnn.com/search?q=Hurricane%20Harvey&size=50&sort=newest&category=us&from=51&page=1,A replica of one of Columbus' ships has sunk in Texas,23-Apr-19
1628105848-187,https://www.cnn.com/search?q=Hurricane%20Harvey&size=50&sort=newest&category=us&from=51&page=1,"Florence was the wettest storm in more than half a century, behind Harvey",26-Sep-18
1628105848-188,https://www.cnn.com/search?q=Hurricane%20Harvey&size=50&sort=newest&category=us&from=51&page=1,How the US turned Hurricane Maria from a natural disaster to a man-made catastrophe,21-Sep-18
1628105848-166,https://www.cnn.com/search?q=Hurricane%20Harvey&size=50&sort=newest&category=us&from=51&page=1,Their neighborhood was flooded to save Houston,25-Aug-19
1628105848-148,https://www.cnn.com/search?q=Hurricane%20Harvey&size=50&sort=newest&category=us&from=51&page=1,Barges break loose and strike a bridge near Houston after Imelda forces 400 water rescues and strands 300 drivers,20-Sep-19
1628105848-190,https://www.cnn.com/search?q=Hurricane%20Harvey&size=50&sort=newest&category=us&from=51&page=1,IRS grants tax extensions to Hurricane Florence victims,15-Sep-18
1628105848-159,https://www.cnn.com/search?q=Hurricane%20Harvey&size=50&sort=newest&category=us&from=51&page=1,A historically black college is offering displaced University of Bahamas students a free semester,5-Sep-19
1628105848-151,https://www.cnn.com/search?q=Hurricane%20Harvey&size=50&sort=newest&category=us&from=51&page=1,Serious flooding in Texas,19-Sep-19
1628105848-169,https://www.cnn.com/search?q=Hurricane%20Harvey&size=50&sort=newest&category=us&from=51&page=1,Barry makes landfall in Louisiana,13-Jul-19
1628105848-155,https://www.cnn.com/search?q=Hurricane%20Harvey&size=50&sort=newest&category=us&from=51&page=1,Flooding expected in Texas,18-Sep-19
1628105848-167,https://www.cnn.com/search?q=Hurricane%20Harvey&size=50&sort=newest&category=us&from=51&page=1,From a debt crisis to Hurricane Maria to a massive texting scandal: Why Puerto Rico is in chaos,18-Jul-19
1628105848-170,https://www.cnn.com/search?q=Hurricane%20Harvey&size=50&sort=newest&category=us&from=51&page=1,The climate crisis is making storms like Barry worse,19-Sep-18
1628105848-163,https://www.cnn.com/search?q=Hurricane%20Harvey&size=50&sort=newest&category=us&from=51&page=1,What made Dorian stall over the Bahamas?,2-Sep-19
1628105848-150,https://www.cnn.com/search?q=Hurricane%20Harvey&size=50&sort=newest&category=us&from=51&page=1,Hundreds of cars abandoned in Houston after drivers couldn't get through floodwaters,19-Sep-19
1628105848-153,https://www.cnn.com/search?q=Hurricane%20Harvey&size=50&sort=newest&category=us&from=51&page=1,Imelda is moving toward Louisiana but flooding threat continues in southeastern Texas,18-Sep-19
1628105848-157,https://www.cnn.com/search?q=Hurricane%20Harvey&size=50&sort=newest&category=us&from=51&page=1,Tropical Depression Imelda could dump the heaviest rainfall Houston has seen from one storm system since Harvey,17-Sep-19
1628105848-156,https://www.cnn.com/search?q=Hurricane%20Harvey&size=50&sort=newest&category=us&from=51&page=1,"5 things to know for September 18: Saudi Arabia, politics, weather, Cokie Roberts",18-Sep-19
1628105848-182,https://www.cnn.com/search?q=Hurricane%20Harvey&size=50&sort=newest&category=us&from=51&page=1,Here's why some people in the path of a hurricane choose to stay put,11-Sep-18
1628105848-185,https://www.cnn.com/search?q=Hurricane%20Harvey&size=50&sort=newest&category=us&from=51&page=1,Meet the 'Hurricane Cowboy' who rescues animals in Florence's aftermath,29-Sep-18
1628105848-181,https://www.cnn.com/search?q=Hurricane%20Harvey&size=50&sort=newest&category=us&from=51&page=1,Hurricane Michael's aftermath,8-Oct-18
1628105848-186,https://www.cnn.com/search?q=Hurricane%20Harvey&size=50&sort=newest&category=us&from=51&page=1,"In Florence aftermath, some return home while others face flooding risk",28-Sep-18
1628105848-162,https://www.cnn.com/search?q=Hurricane%20Harvey&size=50&sort=newest&category=us&from=51&page=1,Hurricane Dorian threatens the US,3-Sep-19
1628105848-154,https://www.cnn.com/search?q=Hurricane%20Harvey&size=50&sort=newest&category=us&from=51&page=1,Hurricane Humberto's swipe at Bermuda leaves 80% of island without power,18-Sep-19
1628105848-161,https://www.cnn.com/search?q=Hurricane%20Harvey&size=50&sort=newest&category=us&from=51&page=1,Climate change makes storms like Dorian more dangerous,3-Sep-19
1628105848-174,https://www.cnn.com/search?q=Hurricane%20Harvey&size=50&sort=newest&category=us&from=51&page=1,Texas just passed a bill to let people carry their handguns for a full week after natural disasters,27-May-19
1628105848-146,https://www.cnn.com/search?q=Hurricane%20Harvey&size=50&sort=newest&category=us&from=51&page=1,Sandeep Dhaliwal made history as Harris County's first Sikh deputy. Here's why the community loved him,28-Sep-19
1628105848-152,https://www.cnn.com/search?q=Hurricane%20Harvey&size=50&sort=newest&category=us&from=51&page=1,"No, a 1-in-500-year rainfall event doesn't mean it happens once in 500 years",19-Sep-19
1628105848-183,https://www.cnn.com/search?q=Hurricane%20Harvey&size=50&sort=newest&category=us&from=51&page=1,Hurricane Michael is latest storm fueled by 'rapid intensification',8-Oct-18
1628105848-177,https://www.cnn.com/search?q=Hurricane%20Harvey&size=50&sort=newest&category=us&from=51&page=1,"5 things to know for December 20: Syria, shutdown, Weinstein, Russia, airport drones",20-Dec-18
1628105848-172,https://www.cnn.com/search?q=Hurricane%20Harvey&size=50&sort=newest&category=us&from=51&page=1,Here are the names of the hurricanes for the 2019 season,1-Jun-19
1628105848-179,https://www.cnn.com/search?q=Hurricane%20Harvey&size=50&sort=newest&category=us&from=51&page=1,2017 In Review Fast Facts,16-Nov-17
1628105848-158,https://www.cnn.com/search?q=Hurricane%20Harvey&size=50&sort=newest&category=us&from=51&page=1,"Dorian may be moving away, but there are still two months left of hurricane season",8-Sep-19
1628105848-180,https://www.cnn.com/search?q=Hurricane%20Harvey&size=50&sort=newest&category=us&from=51&page=1,California communities rally to save animals caught in wildfires,12-Nov-18
1628105848-147,https://www.cnn.com/search?q=Hurricane%20Harvey&size=50&sort=newest&category=us&from=51&page=1,How a crowdsourcing website helped rescue 370 people during Tropical Storm Imelda,21-Sep-19
1628105848-178,https://www.cnn.com/search?q=Hurricane%20Harvey&size=50&sort=newest&category=us&from=51&page=1,"The biggest question for hurricane survivors is, 'What now?'",18-Sep-18
1628105848-165,https://www.cnn.com/search?q=Hurricane%20Harvey&size=50&sort=newest&category=us&from=51&page=1,Hurricane Dorian intensifies as it heads for US,29-Aug-19
1628105848-168,https://www.cnn.com/search?q=Hurricane%20Harvey&size=50&sort=newest&category=us&from=51&page=1,"Despite widespread flooding, Louisiana was spared the brunt of Barry's wrath. Here's why",15-Jul-19
1628105848-160,https://www.cnn.com/search?q=Hurricane%20Harvey&size=50&sort=newest&category=us&from=51&page=1,Hurricanes travel 17% more slowly than they did 75 years ago. Here's why,5-Sep-19
1628105848-173,https://www.cnn.com/search?q=Hurricane%20Harvey&size=50&sort=newest&category=us&from=51&page=1,Hurricane season is here. Brace yourself for up to 4 major storms in the Atlantic,1-Jun-19
1628106897-217,https://www.cnn.com/search?q=Hurricane%20Harvey&size=50&sort=newest&category=us&from=101&page=1,"Why there will never be another hurricane named Harvey, Irma, Maria or Nate",12-Apr-18
1628106897-194,https://www.cnn.com/search?q=Hurricane%20Harvey&size=50&sort=newest&category=us&from=101&page=1,Florence's damage will be widespread no matter where it strikes,11-Sep-18
1628106897-224,https://www.cnn.com/search?q=Hurricane%20Harvey&size=50&sort=newest&category=us&from=101&page=1,An evacuation order can mean life or death. Issuing one isn't simple,11-Jan-18
1628106897-207,https://www.cnn.com/search?q=Hurricane%20Harvey&size=50&sort=newest&category=us&from=101&page=1,"Flash floods strike coastal south Texas, residents urged to seek higher ground",20-Jun-18
1628106897-193,https://www.cnn.com/search?q=Hurricane%20Harvey&size=50&sort=newest&category=us&from=101&page=1,"Free lodging, waived fees and other ways businesses are helping Hurricane Florence evacuees",12-Sep-18
1628106897-222,https://www.cnn.com/search?q=Hurricane%20Harvey&size=50&sort=newest&category=us&from=101&page=1,"5 things for March 5: Academy Awards, North and South Korea, flu season",5-Mar-18
1628106897-192,https://www.cnn.com/search?q=Hurricane%20Harvey&size=50&sort=newest&category=us&from=101&page=1,How coastal development and climate change are making hurricanes more costly,12-Sep-18
1628106897-218,https://www.cnn.com/search?q=Hurricane%20Harvey&size=50&sort=newest&category=us&from=101&page=1,Puerto Rico to get $18 billion from HUD for Hurricane Maria recovery,11-Apr-18
1628106897-200,https://www.cnn.com/search?q=Hurricane%20Harvey&size=50&sort=newest&category=us&from=101&page=1,Hawaii faces heavy rains as Tropical Storm Lane remains weak,26-Aug-18
1628106897-223,https://www.cnn.com/search?q=Hurricane%20Harvey&size=50&sort=newest&category=us&from=101&page=1,FEMA stresses it's not leaving Puerto Rico,31-Jan-18
1628106897-205,https://www.cnn.com/search?q=Hurricane%20Harvey&size=50&sort=newest&category=us&from=101&page=1,Thousands of Puerto Ricans displaced by hurricane won't lose FEMA housing just yet,1-Jul-18
1628106897-221,https://www.cnn.com/search?q=Hurricane%20Harvey&size=50&sort=newest&category=us&from=101&page=1,Why are hurricanes the only storms that get a name?,22-Aug-16
1628106897-195,https://www.cnn.com/search?q=Hurricane%20Harvey&size=50&sort=newest&category=us&from=101&page=1,"'It's just a heck of a storm,' Florence hurricane hunter says",11-Sep-18
1628106897-202,https://www.cnn.com/search?q=Hurricane%20Harvey&size=50&sort=newest&category=us&from=101&page=1,NOAA forecasts below-normal Atlantic hurricane season thanks to El Niño,9-Aug-18
1628106897-233,https://www.cnn.com/search?q=Hurricane%20Harvey&size=50&sort=newest&category=us&from=101&page=1,Victory lap: Houston parade celebrates World Series champs,3-Nov-17
1628106897-214,https://www.cnn.com/search?q=Hurricane%20Harvey&size=50&sort=newest&category=us&from=101&page=1,How to help the victims of the Santa Fe High School shooting,21-May-18
1628106897-232,https://www.cnn.com/search?q=Hurricane%20Harvey&size=50&sort=newest&category=us&from=101&page=1,A look at four storms from one brutal hurricane season,10-Oct-17
1628106897-199,https://www.cnn.com/search?q=Hurricane%20Harvey&size=50&sort=newest&category=us&from=101&page=1,"5 things for August 28: White House, Jacksonville, Myanmar, gerrymandering, pollution",28-Aug-18
1628106897-231,https://www.cnn.com/search?q=Hurricane%20Harvey&size=50&sort=newest&category=us&from=101&page=1,Hurricane season is finally ending,30-Nov-17
1628106897-211,https://www.cnn.com/search?q=Hurricane%20Harvey&size=50&sort=newest&category=us&from=101&page=1,JJ Watt receives honorary doctorate degree from Baylor College of Medicine,29-May-18
1628106897-215,https://www.cnn.com/search?q=Hurricane%20Harvey&size=50&sort=newest&category=us&from=101&page=1,"Texas deputies and Santa Fe gunman exchanged fire for 25 minutes, sheriff says",20-May-18
1628106897-227,https://www.cnn.com/search?q=Hurricane%20Harvey&size=50&sort=newest&category=us&from=101&page=1,2017: The year Americans couldn't say Gal Gadot (and a lot of other words),29-Dec-17
1628106897-208,https://www.cnn.com/search?q=Hurricane%20Harvey&size=50&sort=newest&category=us&from=101&page=1,Houston mayor doesn't want to 'enable' Trump policy by housing immigrant children,19-Jun-18
1628106897-203,https://www.cnn.com/search?q=Hurricane%20Harvey&size=50&sort=newest&category=us&from=101&page=1,FEMA admits it was understaffed and underprepared for 2017 hurricanes,13-Jul-18
1628106897-225,https://www.cnn.com/search?q=Hurricane%20Harvey&size=50&sort=newest&category=us&from=101&page=1,US shatters record for disaster costs in 2017,8-Jan-18
1628106897-219,https://www.cnn.com/search?q=Hurricane%20Harvey&size=50&sort=newest&category=us&from=101&page=1,The 2018 hurricane season could be as busy as the 2017 season,5-Apr-18
1628106897-229,https://www.cnn.com/search?q=Hurricane%20Harvey&size=50&sort=newest&category=us&from=101&page=1,"Climate change made Hurricane Harvey's rainfall worse, study finds",13-Dec-17
1628106897-213,https://www.cnn.com/search?q=Hurricane%20Harvey&size=50&sort=newest&category=us&from=101&page=1,"J.J. Watt, the NFL star helping out the Santa Fe victims' families, has a long history of philanthropy",21-May-18
1628106897-196,https://www.cnn.com/search?q=Hurricane%20Harvey&size=50&sort=newest&category=us&from=101&page=1,Hurricane categories and other terminology explained,5-Sep-18
1628106897-197,https://www.cnn.com/search?q=Hurricane%20Harvey&size=50&sort=newest&category=us&from=101&page=1,"5 things for September 4: Gordon, Kavanaugh, Brazil museum fire, Myanmar, NBC News",4-Sep-18
1628106897-234,https://www.cnn.com/search?q=Hurricane%20Harvey&size=50&sort=newest&category=us&from=101&page=1,"5 things for October 24: Niger, harassment, tax overhaul, climate, World Series",24-Oct-17
1628106897-230,https://www.cnn.com/search?q=Hurricane%20Harvey&size=50&sort=newest&category=us&from=101&page=1,The top Facebook moment of 2017? International Women's Day,6-Dec-17
1628106897-220,https://www.cnn.com/search?q=Hurricane%20Harvey&size=50&sort=newest&category=us&from=101&page=1,NFL star Michael Bennett indicted on charge of injury to elderly at Super Bowl,23-Mar-18
1628106897-210,https://www.cnn.com/search?q=Hurricane%20Harvey&size=50&sort=newest&category=us&from=101&page=1,Five lessons of the extraordinary 2017 hurricane season,1-Jun-18
1628106897-198,https://www.cnn.com/search?q=Hurricane%20Harvey&size=50&sort=newest&category=us&from=101&page=1,Hurricane Lane dumped 52 inches of rain on Hawaii and there might be more on the way,28-Aug-18
1628106897-201,https://www.cnn.com/search?q=Hurricane%20Harvey&size=50&sort=newest&category=us&from=101&page=1,A closer look at Omarosa's excerpt on Puerto Rico -- from a reporter who was there,17-Aug-18
1628106897-216,https://www.cnn.com/search?q=Hurricane%20Harvey&size=50&sort=newest&category=us&from=101&page=1,"Mother of victim says alleged Texas school shooter asked her daughter on date, was rejected",19-May-18
1628106897-204,https://www.cnn.com/search?q=Hurricane%20Harvey&size=50&sort=newest&category=us&from=101&page=1,"Houston streets flood after heavy rains, sparking memories of Harvey",4-Jul-18
1628106897-226,https://www.cnn.com/search?q=Hurricane%20Harvey&size=50&sort=newest&category=us&from=101&page=1,"'A good, fresh start:' Texas dad gets new piano after Hurricane Harvey",30-Dec-17
1628106897-209,https://www.cnn.com/search?q=Hurricane%20Harvey&size=50&sort=newest&category=us&from=101&page=1,"Hurricanes are slowing, which could be a big problem",6-Jun-18
1628106897-212,https://www.cnn.com/search?q=Hurricane%20Harvey&size=50&sort=newest&category=us&from=101&page=1,Get ready for an above-average hurricane season in 2018,24-May-18
1628106897-228,https://www.cnn.com/search?q=Hurricane%20Harvey&size=50&sort=newest&category=us&from=101&page=1,"When disaster strikes, they bring the barbecue",28-Sep-17
1628106897-206,https://www.cnn.com/search?q=Hurricane%20Harvey&size=50&sort=newest&category=us&from=101&page=1,"Nearly 1,800 Puerto Rican hurricane survivors to lose FEMA housing assistance",29-Jun-18
1628106947-240,https://www.cnn.com/search?q=Hurricane%20Harvey&size=50&sort=newest&category=us&from=151&page=1,"Texas inmates pool $53,000 for Hurricane Harvey victims",13-Oct-17
1628106947-258,https://www.cnn.com/search?q=Hurricane%20Harvey&size=50&sort=newest&category=us&from=151&page=1,Memories and muck,28-Sep-17
1628106947-247,https://www.cnn.com/search?q=Hurricane%20Harvey&size=50&sort=newest&category=us&from=151&page=1,Nate just the latest in season of storms,9-Oct-17
1628106947-263,https://www.cnn.com/search?q=Hurricane%20Harvey&size=50&sort=newest&category=us&from=151&page=1,"5 things for September 27: Roy Moore, Puerto Rico, Russia probe, Iraq, Saudi Arabia",27-Sep-17
1628106947-250,https://www.cnn.com/search?q=Hurricane%20Harvey&size=50&sort=newest&category=us&from=151&page=1,"New Orleans, Gulf Coast brace for Hurricane Nate",6-Oct-17
1628106947-261,https://www.cnn.com/search?q=Hurricane%20Harvey&size=50&sort=newest&category=us&from=151&page=1,Puerto Ricans still waiting for aid a week after Maria's devastation,27-Sep-17
1628106947-236,https://www.cnn.com/search?q=Hurricane%20Harvey&size=50&sort=newest&category=us&from=151&page=1,"5 things for October 23: Tax reform, Japan, JFK documents",23-Oct-17
1628106947-245,https://www.cnn.com/search?q=Hurricane%20Harvey&size=50&sort=newest&category=us&from=151&page=1,"Yes, another one. Tropical Storm Ophelia forms in the Atlantic",9-Oct-17
1628106947-251,https://www.cnn.com/search?q=Hurricane%20Harvey&size=50&sort=newest&category=us&from=151&page=1,A man who lost everything tearfully calls his dad,28-Aug-17
1628106947-253,https://www.cnn.com/search?q=Hurricane%20Harvey&size=50&sort=newest&category=us&from=151&page=1,People open their doors to Hurricane Irma evacuees,7-Sep-17
1628106947-272,https://www.cnn.com/search?q=Hurricane%20Harvey&size=50&sort=newest&category=us&from=151&page=1,Settle in with these weekend reads,16-Sep-17
1628106947-259,https://www.cnn.com/search?q=Hurricane%20Harvey&size=50&sort=newest&category=us&from=151&page=1,Delivering aid to Puerto Rico a challenge for volunteers,28-Sep-17
1628106947-271,https://www.cnn.com/search?q=Hurricane%20Harvey&size=50&sort=newest&category=us&from=151&page=1,Neil deGrasse Tyson says it might be 'too late' to recover from climate change,17-Sep-17
1628106947-238,https://www.cnn.com/search?q=Hurricane%20Harvey&size=50&sort=newest&category=us&from=151&page=1,Puerto Rico's death toll from Hurricane Maria climbs to 48,14-Oct-17
1628106947-264,https://www.cnn.com/search?q=Hurricane%20Harvey&size=50&sort=newest&category=us&from=151&page=1,"Puerto Rico suffering humanitarian crisis after Maria, San Juan mayor says",26-Sep-17
1628106947-257,https://www.cnn.com/search?q=Hurricane%20Harvey&size=50&sort=newest&category=us&from=151&page=1,Donations for Puerto Rico pour in from Orlando's Hispanic community,29-Sep-17
1628106947-280,https://www.cnn.com/search?q=Hurricane%20Harvey&size=50&sort=newest&category=us&from=151&page=1,Hurricane Jose's looping path may bring it back toward Bahamas and US,13-Sep-17
1628106947-260,https://www.cnn.com/search?q=Hurricane%20Harvey&size=50&sort=newest&category=us&from=151&page=1,"5 things for September 28: Tax overhaul, Puerto Rico, Facebook, Equifax, Hefner",28-Sep-17
1628106947-242,https://www.cnn.com/search?q=Hurricane%20Harvey&size=50&sort=newest&category=us&from=151&page=1,5 things for October 13: Pulling the plug on Obamacare?,13-Oct-17
1628106947-277,https://www.cnn.com/search?q=Hurricane%20Harvey&size=50&sort=newest&category=us&from=151&page=1,What Irma felt like: 4 harrowing tales of storm survival,13-Sep-17
1628106947-235,https://www.cnn.com/search?q=Hurricane%20Harvey&size=50&sort=newest&category=us&from=151&page=1,"After Hurricane Harvey, Houston Astros are sentimental World Series favorite",23-Oct-17
1628106947-241,https://www.cnn.com/search?q=Hurricane%20Harvey&size=50&sort=newest&category=us&from=151&page=1,Here's how long FEMA stayed in areas hit by recent disasters,12-Oct-17
1628106947-262,https://www.cnn.com/search?q=Hurricane%20Harvey&size=50&sort=newest&category=us&from=151&page=1,"3 storms, 3 responses: Comparing Harvey, Irma and Maria",26-Sep-17
1628106947-276,https://www.cnn.com/search?q=Hurricane%20Harvey&size=50&sort=newest&category=us&from=151&page=1,"Out of the spotlight, Hurricane Harvey's victims struggle to recover",13-Sep-17
1628106947-270,https://www.cnn.com/search?q=Hurricane%20Harvey&size=50&sort=newest&category=us&from=151&page=1,Hurricane season's peak period lasts a few more weeks. Here's what to expect,7-Sep-17
1628106947-275,https://www.cnn.com/search?q=Hurricane%20Harvey&size=50&sort=newest&category=us&from=151&page=1,Tropical Storm Jose's forecast path shifts west toward US,14-Sep-17
1628106947-273,https://www.cnn.com/search?q=Hurricane%20Harvey&size=50&sort=newest&category=us&from=151&page=1,Hurricane Jose may threaten Northeast next week,15-Sep-17
1628106947-274,https://www.cnn.com/search?q=Hurricane%20Harvey&size=50&sort=newest&category=us&from=151&page=1,"5 things for September 15: London train blast, North Korea, Trump, Irma, immigration",15-Sep-17
1628106947-237,https://www.cnn.com/search?q=Hurricane%20Harvey&size=50&sort=newest&category=us&from=151&page=1,"5 things for October 16: Family freed, Somalia bombings, California wildfires",16-Oct-17
1628106947-282,https://www.cnn.com/search?q=Hurricane%20Harvey&size=50&sort=newest&category=us&from=151&page=1,Hurricane Jose's strange path may bring it back toward the Bahamas and US,12-Sep-17
1628106947-243,https://www.cnn.com/search?q=Hurricane%20Harvey&size=50&sort=newest&category=us&from=151&page=1,5 things for October 12: No end in sight,12-Oct-17
1628106947-239,https://www.cnn.com/search?q=Hurricane%20Harvey&size=50&sort=newest&category=us&from=151&page=1,"Puerto Rico: Paul Ryan says US committed ""for the long haul""",13-Oct-17
1628106947-268,https://www.cnn.com/search?q=Hurricane%20Harvey&size=50&sort=newest&category=us&from=151&page=1,'Rapid intensification' fuels major Atlantic hurricanes in 2017,19-Sep-17
1628106947-244,https://www.cnn.com/search?q=Hurricane%20Harvey&size=50&sort=newest&category=us&from=151&page=1,Puerto Rico's hurricane death toll rises to 45,11-Oct-17
1628106947-278,https://www.cnn.com/search?q=Hurricane%20Harvey&size=50&sort=newest&category=us&from=151&page=1,Hurricane Irma: Keys residents line up at checkpoint,13-Sep-17
1628106947-249,https://www.cnn.com/search?q=Hurricane%20Harvey&size=50&sort=newest&category=us&from=151&page=1,Puerto Ricans fire back at Trump for critical tweets,30-Sep-17
1628106947-266,https://www.cnn.com/search?q=Hurricane%20Harvey&size=50&sort=newest&category=us&from=151&page=1,Hurricane Maria leaves more than 3 million Americans without power. Is help on the way?,22-Sep-17
1628106947-281,https://www.cnn.com/search?q=Hurricane%20Harvey&size=50&sort=newest&category=us&from=151&page=1,Anxious residents begin returning to battered Florida Keys,12-Sep-17
1628106947-269,https://www.cnn.com/search?q=Hurricane%20Harvey&size=50&sort=newest&category=us&from=151&page=1,Richard Branson: Hurricanes are the 'start of things to come',19-Sep-17
1628106947-252,https://www.cnn.com/search?q=Hurricane%20Harvey&size=50&sort=newest&category=us&from=151&page=1,Doctor braves Harvey flooding in canoe to perform teen's surgery,30-Aug-17
1628106947-267,https://www.cnn.com/search?q=Hurricane%20Harvey&size=50&sort=newest&category=us&from=151&page=1,"5 things for September 20: Quake, Maria, Trump at UN, Manafort, human trafficking",20-Sep-17
1628106947-256,https://www.cnn.com/search?q=Hurricane%20Harvey&size=50&sort=newest&category=us&from=151&page=1,New tropical depression poses weekend threat to Gulf Coast,4-Oct-17
1628106947-279,https://www.cnn.com/search?q=Hurricane%20Harvey&size=50&sort=newest&category=us&from=151&page=1,"He made it through Harvey, Irma: How a Texan is using social media to help Keys residents",13-Sep-17
1628106947-246,https://www.cnn.com/search?q=Hurricane%20Harvey&size=50&sort=newest&category=us&from=151&page=1,"5 things for October 9: DACA, Donald Trump, Harvey Weinstein",9-Oct-17
1628106947-265,https://www.cnn.com/search?q=Hurricane%20Harvey&size=50&sort=newest&category=us&from=151&page=1,"'Apocalyptic' devastation in Puerto Rico, and little help in sight",25-Sep-17
1628106947-254,https://www.cnn.com/search?q=Hurricane%20Harvey&size=50&sort=newest&category=us&from=151&page=1,"5 things for October 6: Las Vegas, Iran deal, Nate, Russia probe, Spain",6-Oct-17
1628106947-255,https://www.cnn.com/search?q=Hurricane%20Harvey&size=50&sort=newest&category=us&from=151&page=1,Tropical Storm Nate kills 20 in Central America as it heads toward US,5-Oct-17
1628106947-248,https://www.cnn.com/search?q=Hurricane%20Harvey&size=50&sort=newest&category=us&from=151&page=1,Hurricane Nate makes second US landfall,7-Oct-17
1628107030-317,https://www.cnn.com/search?q=Hurricane%20Harvey&size=50&sort=newest&category=us&from=201&page=1,Smerconish sees Harvey heroism as an 'American Dunkirk',2-Sep-17
1628107030-304,https://www.cnn.com/search?q=Hurricane%20Harvey&size=50&sort=newest&category=us&from=201&page=1,Path of destruction: What Hurricane Harvey left in its wake,4-Sep-17
1628107030-285,https://www.cnn.com/search?q=Hurricane%20Harvey&size=50&sort=newest&category=us&from=201&page=1,"Irma floods Jacksonville, Charleston and Savannah",11-Sep-17
1628107030-300,https://www.cnn.com/search?q=Hurricane%20Harvey&size=50&sort=newest&category=us&from=201&page=1,Widow struggles with leaving Hurricane-hit home,5-Sep-17
1628107030-316,https://www.cnn.com/search?q=Hurricane%20Harvey&size=50&sort=newest&category=us&from=201&page=1,Texas family to get new piano with a little help from a Grammy nominee,31-Aug-17
1628107030-308,https://www.cnn.com/search?q=Hurricane%20Harvey&size=50&sort=newest&category=us&from=201&page=1,Harvey aftermath: Region begins long road to recovery,3-Sep-17
1628107030-291,https://www.cnn.com/search?q=Hurricane%20Harvey&size=50&sort=newest&category=us&from=201&page=1,A day-by-day look at Hurricane Irma's path ahead,8-Sep-17
1628107030-286,https://www.cnn.com/search?q=Hurricane%20Harvey&size=50&sort=newest&category=us&from=201&page=1,The biggest question for hurricane survivors is 'What now?',6-Sep-17
1628107030-313,https://www.cnn.com/search?q=Hurricane%20Harvey&size=50&sort=newest&category=us&from=201&page=1,Fiancee's wedding dress survives flood that took Texas firefighter's home,2-Sep-17
1628107030-296,https://www.cnn.com/search?q=Hurricane%20Harvey&size=50&sort=newest&category=us&from=201&page=1,Here are the three Category 5 hurricanes that have hit the US mainland,7-Sep-17
1628107030-295,https://www.cnn.com/search?q=Hurricane%20Harvey&size=50&sort=newest&category=us&from=201&page=1,Floridians jam highways to flee Hurricane Irma,6-Sep-17
1628107030-283,https://www.cnn.com/search?q=Hurricane%20Harvey&size=50&sort=newest&category=us&from=201&page=1,Power outages: Post-Irma recovery includes turning on the lights,12-Sep-17
1628107030-297,https://www.cnn.com/search?q=Hurricane%20Harvey&size=50&sort=newest&category=us&from=201&page=1,The anatomy of a hurricane,7-Sep-17
1628107030-302,https://www.cnn.com/search?q=Hurricane%20Harvey&size=50&sort=newest&category=us&from=201&page=1,"5 things for September 6: Irma, DACA, Sen. Menendez, Iran, health & height",6-Sep-17
1628107030-287,https://www.cnn.com/search?q=Hurricane%20Harvey&size=50&sort=newest&category=us&from=201&page=1,What you need to know about Hurricane Irma,11-Sep-17
1628107030-318,https://www.cnn.com/search?q=Hurricane%20Harvey&size=50&sort=newest&category=us&from=201&page=1,This homeowner found a 10-foot gator in his flooded home near Houston,2-Sep-17
1628107030-293,https://www.cnn.com/search?q=Hurricane%20Harvey&size=50&sort=newest&category=us&from=201&page=1,Floridians jam highways to flee wrath of Hurricane Irma,7-Sep-17
1628107030-289,https://www.cnn.com/search?q=Hurricane%20Harvey&size=50&sort=newest&category=us&from=201&page=1,This is what Florida looks like as Irma hits,10-Sep-17
1628107030-292,https://www.cnn.com/search?q=Hurricane%20Harvey&size=50&sort=newest&category=us&from=201&page=1,"Parts of Texas still in rescue and recovery mode, 2 weeks after Hurricane Harvey",8-Sep-17
1628107030-312,https://www.cnn.com/search?q=Hurricane%20Harvey&size=50&sort=newest&category=us&from=201&page=1,"In Texas, not all heroes wear capes",3-Sep-17
1628107030-314,https://www.cnn.com/search?q=Hurricane%20Harvey&size=50&sort=newest&category=us&from=201&page=1,Trump pays 2nd visit to Texas; Houston mayor orders 300 to evacuate,2-Sep-17
1628107030-311,https://www.cnn.com/search?q=Hurricane%20Harvey&size=50&sort=newest&category=us&from=201&page=1,Relying on faith amid Harvey's destruction,3-Sep-17
1628107030-284,https://www.cnn.com/search?q=Hurricane%20Harvey&size=50&sort=newest&category=us&from=201&page=1,Florida official: Death toll rises to 12 in state,12-Sep-17
1628107030-307,https://www.cnn.com/search?q=Hurricane%20Harvey&size=50&sort=newest&category=us&from=201&page=1,Texas ranchers battle to save cattle from Harvey's wrath,3-Sep-17
1628107030-315,https://www.cnn.com/search?q=Hurricane%20Harvey&size=50&sort=newest&category=us&from=201&page=1,From Katrina to Harvey: Honoré reunites with twins saved 12 years ago,2-Sep-17
1628107030-306,https://www.cnn.com/search?q=Hurricane%20Harvey&size=50&sort=newest&category=us&from=201&page=1,"'No active fire left' in Los Angeles blaze, but concerns remain",4-Sep-17
1628107030-288,https://www.cnn.com/search?q=Hurricane%20Harvey&size=50&sort=newest&category=us&from=201&page=1,Irma climbs Florida's coast; 'dangerous' storm surges feared,10-Sep-17
1628107030-294,https://www.cnn.com/search?q=Hurricane%20Harvey&size=50&sort=newest&category=us&from=201&page=1,"5 things for September 8: Irma, Mexico quake, Russia probe, Rohingya, Equifax",8-Sep-17
1628107030-290,https://www.cnn.com/search?q=Hurricane%20Harvey&size=50&sort=newest&category=us&from=201&page=1,Settle in with these weekend reads,9-Sep-17
1628107030-298,https://www.cnn.com/search?q=Hurricane%20Harvey&size=50&sort=newest&category=us&from=201&page=1,"Miami gears up for Irma, plans evacuations, shelters, closings",5-Sep-17
1628107030-299,https://www.cnn.com/search?q=Hurricane%20Harvey&size=50&sort=newest&category=us&from=201&page=1,"5 things for September 7: Irma, Trump, Russia, Australia vote, Michael Bennett",7-Sep-17
1628107030-319,https://www.cnn.com/search?q=Hurricane%20Harvey&size=50&sort=newest&category=us&from=201&page=1,Satellite images show Harvey's impact on Texas towns,31-Aug-17
1628107030-309,https://www.cnn.com/search?q=Hurricane%20Harvey&size=50&sort=newest&category=us&from=201&page=1,Hurricane watches posted as Irma moves west,3-Sep-17
1628107030-310,https://www.cnn.com/search?q=Hurricane%20Harvey&size=50&sort=newest&category=us&from=201&page=1,"More than 1,000 firefighters battling largest fire in Los Angeles history",2-Sep-17
1628107030-303,https://www.cnn.com/search?q=Hurricane%20Harvey&size=50&sort=newest&category=us&from=201&page=1,Harvey aftermath: FEMA to 'rush recovery money' for insurance claims,4-Sep-17
1628107030-301,https://www.cnn.com/search?q=Hurricane%20Harvey&size=50&sort=newest&category=us&from=201&page=1,"Ravaged by Harvey, Houston Dreamers fear deportation",5-Sep-17
1628107030-305,https://www.cnn.com/search?q=Hurricane%20Harvey&size=50&sort=newest&category=us&from=201&page=1,"5 things for September 5: North Korea, hurricanes, DACA, Myanmar, Alzheimer's",5-Sep-17
1628107072-343,https://www.cnn.com/search?q=Hurricane%20Harvey&size=50&sort=newest&category=us&from=251&page=1,"12 years ago today, Katrina hit. Here's how it compares with Harvey.",25-Aug-17
1628107072-339,https://www.cnn.com/search?q=Hurricane%20Harvey&size=50&sort=newest&category=us&from=251&page=1,Flooded Texas senior citizens in viral photo are now safe,29-Aug-17
1628107072-320,https://www.cnn.com/search?q=Hurricane%20Harvey&size=50&sort=newest&category=us&from=251&page=1,Powerful Hurricane Irma could be next weather disaster,31-Aug-17
1628107072-326,https://www.cnn.com/search?q=Hurricane%20Harvey&size=50&sort=newest&category=us&from=251&page=1,Houston superintendent vows schools will be ready to open on September 11,31-Aug-17
1628107072-330,https://www.cnn.com/search?q=Hurricane%20Harvey&size=50&sort=newest&category=us&from=251&page=1,High school coaches brave hurricane to evacuate their town,31-Aug-17
1628107072-325,https://www.cnn.com/search?q=Hurricane%20Harvey&size=50&sort=newest&category=us&from=251&page=1,J.J. Watt keeps surpassing Harvey relief goal: 'I'm with them for the long haul',1-Sep-17
1628107072-342,https://www.cnn.com/search?q=Hurricane%20Harvey&size=50&sort=newest&category=us&from=251&page=1,"Amid Harvey rescues, Houston officer's body recovered",29-Aug-17
1628107072-338,https://www.cnn.com/search?q=Hurricane%20Harvey&size=50&sort=newest&category=us&from=251&page=1,New Orleans draws on lessons of Katrina to help Houston,29-Aug-17
1628107072-321,https://www.cnn.com/search?q=Hurricane%20Harvey&size=50&sort=newest&category=us&from=251&page=1,Harvey's aftermath: More fires expected at chemical plant,1-Sep-17
1628107072-341,https://www.cnn.com/search?q=Hurricane%20Harvey&size=50&sort=newest&category=us&from=251&page=1,"5 things for August 30: Harvey, Trump, North Korea, Russia probe, salmonella",30-Aug-17
1628107072-328,https://www.cnn.com/search?q=Hurricane%20Harvey&size=50&sort=newest&category=us&from=251&page=1,"5 things for September 1: Harvey, North Korea, Kenya, Russia, David Clarke",1-Sep-17
1628107072-334,https://www.cnn.com/search?q=Hurricane%20Harvey&size=50&sort=newest&category=us&from=251&page=1,"5 things for August 31: Harvey, tax reform, sanctuary law, Russia probe, WWII bomb",31-Aug-17
1628107072-322,https://www.cnn.com/search?q=Hurricane%20Harvey&size=50&sort=newest&category=us&from=251&page=1,The hard part begins: Texans return home to assess Harvey damage,1-Sep-17
1628107072-329,https://www.cnn.com/search?q=Hurricane%20Harvey&size=50&sort=newest&category=us&from=251&page=1,Hero brothers rescue dozens of Harvey victims,31-Aug-17
1628107072-335,https://www.cnn.com/search?q=Hurricane%20Harvey&size=50&sort=newest&category=us&from=251&page=1,"The place where 10,000 people are living after Harvey",30-Aug-17
1628107072-331,https://www.cnn.com/search?q=Hurricane%20Harvey&size=50&sort=newest&category=us&from=251&page=1,Harvey aftermath: Death toll rises; so do the floodwaters,30-Aug-17
1628107072-323,https://www.cnn.com/search?q=Hurricane%20Harvey&size=50&sort=newest&category=us&from=251&page=1,Hurricane redux? Storms sometimes hit the same area,1-Sep-17
1628107072-333,https://www.cnn.com/search?q=Hurricane%20Harvey&size=50&sort=newest&category=us&from=251&page=1,The remarkable story behind this Harvey jet ski rescue,31-Aug-17
1628107072-332,https://www.cnn.com/search?q=Hurricane%20Harvey&size=50&sort=newest&category=us&from=251&page=1,Why we don't yet know Harvey's true toll,31-Aug-17
1628107072-324,https://www.cnn.com/search?q=Hurricane%20Harvey&size=50&sort=newest&category=us&from=251&page=1,What August showed us about America,1-Sep-17
1628107072-327,https://www.cnn.com/search?q=Hurricane%20Harvey&size=50&sort=newest&category=us&from=251&page=1,Harvey aftermath: Houston 'open for business'; other cities suffering,31-Aug-17
1628107072-337,https://www.cnn.com/search?q=Hurricane%20Harvey&size=50&sort=newest&category=us&from=251&page=1,"In between rescues, these National Guard troops take a break in a furniture store",30-Aug-17
1628107072-340,https://www.cnn.com/search?q=Hurricane%20Harvey&size=50&sort=newest&category=us&from=251&page=1,Joel Osteen says church has opened doors to flood victims,29-Aug-17
1628107072-336,https://www.cnn.com/search?q=Hurricane%20Harvey&size=50&sort=newest&category=us&from=251&page=1,CNN correspondent helps rescue man in Texas flooding,30-Aug-17
1628107125-355,https://www.cnn.com/search?q=Hurricane%20Harvey&size=50&sort=newest&category=us&from=301&page=1,"This Obama photo, doing the rounds after Harvey, is actually from 2015",28-Aug-17
1628107125-345,https://www.cnn.com/search?q=Hurricane%20Harvey&size=50&sort=newest&category=us&from=301&page=1,"Hurricane Katrina survivor flees floodwaters again, this time in Texas",28-Aug-17
1628107125-354,https://www.cnn.com/search?q=Hurricane%20Harvey&size=50&sort=newest&category=us&from=301&page=1,Battered Texas town may be without power for weeks,28-Aug-17
1628107125-368,https://www.cnn.com/search?q=Hurricane%20Harvey&size=50&sort=newest&category=us&from=301&page=1,Powerful Hurricane Harvey makes landfall in Texas,25-Aug-17
1628107125-362,https://www.cnn.com/search?q=Hurricane%20Harvey&size=50&sort=newest&category=us&from=301&page=1,Houston area copes with flooding as Harvey delivers pounding rainfall,26-Aug-17
1628107125-348,https://www.cnn.com/search?q=Hurricane%20Harvey&size=50&sort=newest&category=us&from=301&page=1,"Father, son reunite amid Harvey devastation: 'My dad's my hero'",29-Aug-17
1628107125-346,https://www.cnn.com/search?q=Hurricane%20Harvey&size=50&sort=newest&category=us&from=301&page=1,A little girl's inspiring note to her police officer dad as he heads out to help Harvey victims,29-Aug-17
1628107125-351,https://www.cnn.com/search?q=Hurricane%20Harvey&size=50&sort=newest&category=us&from=301&page=1,Cajun Navy brings boats from Louisiana to help flood-ravaged Houston,29-Aug-17
1628107125-353,https://www.cnn.com/search?q=Hurricane%20Harvey&size=50&sort=newest&category=us&from=301&page=1,Civilians and strangers become heroes for Harvey victims,28-Aug-17
1628107125-366,https://www.cnn.com/search?q=Hurricane%20Harvey&size=50&sort=newest&category=us&from=301&page=1,"Couple's 3rd attempt to wed is canceled again, thanks to Harvey",25-Aug-17
1628107125-363,https://www.cnn.com/search?q=Hurricane%20Harvey&size=50&sort=newest&category=us&from=301&page=1,"'We lost everything': Rockport, Texas suffers major hurricane damage",26-Aug-17
1628107125-356,https://www.cnn.com/search?q=Hurricane%20Harvey&size=50&sort=newest&category=us&from=301&page=1,Fire destroyed their home during Harvey. But a Virgin Mary statue survived,28-Aug-17
1628107125-352,https://www.cnn.com/search?q=Hurricane%20Harvey&size=50&sort=newest&category=us&from=301&page=1,"Houston knew it was at risk of flooding, so why didn't the city evacuate?",27-Aug-17
1628107125-364,https://www.cnn.com/search?q=Hurricane%20Harvey&size=50&sort=newest&category=us&from=301&page=1,Thousands stuck on cruise ships after Hurricane Harvey,26-Aug-17
1628107125-365,https://www.cnn.com/search?q=Hurricane%20Harvey&size=50&sort=newest&category=us&from=301&page=1,Flood-prone Houston hit by heavy rain as Harvey batters coast,25-Aug-17
1628107125-344,https://www.cnn.com/search?q=Hurricane%20Harvey&size=50&sort=newest&category=us&from=301&page=1,Louisiana braces for Harvey's rain as it marks Katrina's 12th anniversary,28-Aug-17
1628107125-360,https://www.cnn.com/search?q=Hurricane%20Harvey&size=50&sort=newest&category=us&from=301&page=1,'It broke me into tears:' Texas mom describes escaping floods,27-Aug-17
1628107125-358,https://www.cnn.com/search?q=Hurricane%20Harvey&size=50&sort=newest&category=us&from=301&page=1,Houston is flooded -- and the water is still rising,28-Aug-17
1628107125-369,https://www.cnn.com/search?q=Hurricane%20Harvey&size=50&sort=newest&category=us&from=301&page=1,5 reasons to closely watch Hurricane Harvey,24-Aug-17
1628107125-367,https://www.cnn.com/search?q=Hurricane%20Harvey&size=50&sort=newest&category=us&from=301&page=1,"Amid pumping failures, New Orleans readies for possible Harvey flooding",24-Aug-17
1628107125-350,https://www.cnn.com/search?q=Hurricane%20Harvey&size=50&sort=newest&category=us&from=301&page=1,Thousands rescued as Harvey's waters rise,28-Aug-17
1628107125-359,https://www.cnn.com/search?q=Hurricane%20Harvey&size=50&sort=newest&category=us&from=301&page=1,Dallas preps 'mega-shelter' as Texas braces for more rain,27-Aug-17
1628107125-361,https://www.cnn.com/search?q=Hurricane%20Harvey&size=50&sort=newest&category=us&from=301&page=1,This is what South Texas looks like after Harvey hit,26-Aug-17
1628107125-347,https://www.cnn.com/search?q=Hurricane%20Harvey&size=50&sort=newest&category=us&from=301&page=1,Officials to undocumented immigrants: You will not be arrested if you seek shelter after Harvey,29-Aug-17
1628107125-349,https://www.cnn.com/search?q=Hurricane%20Harvey&size=50&sort=newest&category=us&from=301&page=1,"5 things for August 29: Harvey, North Korea, Trump, police gear, killer nurse",29-Aug-17
1628107125-357,https://www.cnn.com/search?q=Hurricane%20Harvey&size=50&sort=newest&category=us&from=301&page=1,"5 things for August 28: Harvey, USS John McCain, President Trump, Alps deaths",28-Aug-17
1628107176-374,https://www.cnn.com/search?q=Hurricane%20Harvey&size=50&sort=newest&category=us&from=351&page=1,Auburn U. cutting down poisoned oaks,23-Apr-13
1628107176-373,https://www.cnn.com/search?q=Hurricane%20Harvey&size=50&sort=newest&category=us&from=351&page=1,Potential hurricane threatens Texas,22-Aug-17
1628107176-371,https://www.cnn.com/search?q=Hurricane%20Harvey&size=50&sort=newest&category=us&from=351&page=1,"'Go home, Harvey,' residents write messages for hurricane",25-Aug-17
1628107176-375,https://www.cnn.com/search?q=Hurricane%20Harvey&size=50&sort=newest&category=us&from=351&page=1,Debby downgraded to depression after hitting Florida,26-Jun-12
1628107176-372,https://www.cnn.com/search?q=Hurricane%20Harvey&size=50&sort=newest&category=us&from=351&page=1,"5 things for August 25: Harvey, Samsung sentence, execution, Whole Foods",25-Aug-17
1628107176-370,https://www.cnn.com/search?q=Hurricane%20Harvey&size=50&sort=newest&category=us&from=351&page=1,"'Life-threatening' rainfall expected in Texas, hurricane center says",24-Aug-17
